[
  {
    "name" : "AirbusA330-300",
    "economySeatsCount" : 60,
    "premiumEconomySeatsCount" : 30,
    "BusinessSeatsCount" : 12,
    "firstSeatsCount" : 8,
    "economeySeats" : [
      [
      {
        "class":"economy",
        "seatCode" : "K13",
        "reserved" : "false"
      },{
        "class":"economy",
        "seatCode" : "K14",
        "reserved" : "false"
      },{
        "class":"economy",
        "seatCode" : "K15",
        "reserved" : "false"
      },{
        "class":"economy",
        "seatCode" : "K16",
        "reserved" : "false"
      },{
        "class":"economy",
        "seatCode" : "K17",
        "reserved" : "false"
      },{
        "class":"economy",
        "seatCode" : "K18",
        "reserved" : "false"
      },{
        "class":"economy",
        "seatCode" : "K19",
        "reserved" : "false"
      },{
        "class":"economy",
        "seatCode" : "K20",
        "reserved" : "false"
      },{
        "class":"economy",
        "seatCode" : "K21",
        "reserved" : "false"
      },{
        "class":"economy",
        "seatCode" : "K22",
        "reserved" : "false"
      },
      {
        "class":"economy",
        "seatCode" : "K23",
        "reserved" : "false"
      },{
        "class":"economy",
        "seatCode" : "K24",
        "reserved" : "false"
      },{
        "class":"economy",
        "seatCode" : "K25",
        "reserved" : "false"
      },{
        "class":"economy",
        "seatCode" : "K26",
        "reserved" : "false"
      },{
        "class":"economy",
        "seatCode" : "K27",
        "reserved" : "false"
      },{
        "class":"economy",
        "seatCode" : "K28",
        "reserved" : "false"
      },{
        "class":"economy",
        "seatCode" : "K29",
        "reserved" : "false"
      },{
        "class":"economy",
        "seatCode" : "K30",
        "reserved" : "false"
      },{
        "class":"economy",
        "seatCode" : "K31",
        "reserved" : "false"
      },{
        "class":"economy",
        "seatCode" : "K32",
        "reserved" : "false"
      }
      ],[
        {
          "class":"economy",
          "seatCode" : "H13",
          "reserved" : "false"
        },{
          "class":"economy",
          "seatCode" : "H14",
          "reserved" : "false"
        },{
          "class":"economy",
          "seatCode" : "H15",
          "reserved" : "false"
        },{
          "class":"economy",
          "seatCode" : "H16",
          "reserved" : "false"
        },{
          "class":"economy",
          "seatCode" : "H17",
          "reserved" : "false"
        },{
          "class":"economy",
          "seatCode" : "H18",
          "reserved" : "false"
        },{
          "class":"economy",
          "seatCode" : "H19",
          "reserved" : "false"
        },{
          "class":"economy",
          "seatCode" : "H20",
          "reserved" : "false"
        },{
          "class":"economy",
          "seatCode" : "H21",
          "reserved" : "false"
        },{
          "class":"economy",
          "seatCode" : "H22",
          "reserved" : "false"
        },
        {
          "class":"economy",
          "seatCode" : "H23",
          "reserved" : "false"
        },{
          "class":"economy",
          "seatCode" : "H24",
          "reserved" : "false"
        },{
          "class":"economy",
          "seatCode" : "H25",
          "reserved" : "false"
        },{
          "class":"economy",
          "seatCode" : "H26",
          "reserved" : "false"
        },{
          "class":"economy",
          "seatCode" : "H27",
          "reserved" : "false"
        },{
          "class":"economy",
          "seatCode" : "H28",
          "reserved" : "false"
        },{
          "class":"economy",
          "seatCode" : "H29",
          "reserved" : "false"
        },{
          "class":"economy",
          "seatCode" : "H30",
          "reserved" : "false"
        },{
          "class":"economy",
          "seatCode" : "H31",
          "reserved" : "false"
        },{
          "class":"economy",
          "seatCode" : "H32",
          "reserved" : "false"
        }
        ],[
          {
            "class":"economy",
            "seatCode" : "G13",
            "reserved" : "false"
          },{
            "class":"economy",
            "seatCode" : "G14",
            "reserved" : "false"
          },{
            "class":"economy",
            "seatCode" : "G15",
            "reserved" : "false"
          },{
            "class":"economy",
            "seatCode" : "G16",
            "reserved" : "false"
          },{
            "class":"economy",
            "seatCode" : "G17",
            "reserved" : "false"
          },{
            "class":"economy",
            "seatCode" : "G18",
            "reserved" : "false"
          },{
            "class":"economy",
            "seatCode" : "G19",
            "reserved" : "false"
          },{
            "class":"economy",
            "seatCode" : "G20",
            "reserved" : "false"
          },{
            "class":"economy",
            "seatCode" : "G21",
            "reserved" : "false"
          },{
            "class":"economy",
            "seatCode" : "G22",
            "reserved" : "false"
          },
          {
            "class":"economy",
            "seatCode" : "G23",
            "reserved" : "false"
          },{
            "class":"economy",
            "seatCode" : "G24",
            "reserved" : "false"
          },{
            "class":"economy",
            "seatCode" : "G25",
            "reserved" : "false"
          },{
            "class":"economy",
            "seatCode" : "G26",
            "reserved" : "false"
          },{
            "class":"economy",
            "seatCode" : "G27",
            "reserved" : "false"
          },{
            "class":"economy",
            "seatCode" : "G28",
            "reserved" : "false"
          },{
            "class":"economy",
            "seatCode" : "G29",
            "reserved" : "false"
          },{
            "class":"economy",
            "seatCode" : "G30",
            "reserved" : "false"
          },{
            "class":"economy",
            "seatCode" : "G31",
            "reserved" : "false"
          },{
            "class":"economy",
            "seatCode" : "G32",
            "reserved" : "false"
          }
          ],[
            {
              "class":"economy",
              "seatCode" : "C13",
              "reserved" : "false"
            },{
              "class":"economy",
              "seatCode" : "C14",
              "reserved" : "false"
            },{
              "class":"economy",
              "seatCode" : "C15",
              "reserved" : "false"
            },{
              "class":"economy",
              "seatCode" : "C16",
              "reserved" : "false"
            },{
              "class":"economy",
              "seatCode" : "C17",
              "reserved" : "false"
            },{
              "class":"economy",
              "seatCode" : "C18",
              "reserved" : "false"
            },{
              "class":"economy",
              "seatCode" : "C19",
              "reserved" : "false"
            },{
              "class":"economy",
              "seatCode" : "C20",
              "reserved" : "false"
            },{
              "class":"economy",
              "seatCode" : "C21",
              "reserved" : "false"
            },{
              "class":"economy",
              "seatCode" : "C22",
              "reserved" : "false"
            },
            {
              "class":"economy",
              "seatCode" : "C23",
              "reserved" : "false"
            },{
              "class":"economy",
              "seatCode" : "C24",
              "reserved" : "false"
            },{
              "class":"economy",
              "seatCode" : "C25",
              "reserved" : "false"
            },{
              "class":"economy",
              "seatCode" : "C26",
              "reserved" : "false"
            },{
              "class":"economy",
              "seatCode" : "C27",
              "reserved" : "false"
            },{
              "class":"economy",
              "seatCode" : "C28",
              "reserved" : "false"
            },{
              "class":"economy",
              "seatCode" : "C29",
              "reserved" : "false"
            },{
              "class":"economy",
              "seatCode" : "C30",
              "reserved" : "false"
            },{
              "class":"economy",
              "seatCode" : "C31",
              "reserved" : "false"
            },{
              "class":"economy",
              "seatCode" : "C32",
              "reserved" : "false"
            }
          ],[
            {
              "class":"economy",
              "seatCode" : "A13",
              "reserved" : "false"
            },{
              "class":"economy",
              "seatCode" : "A14",
              "reserved" : "false"
            },{
              "class":"economy",
              "seatCode" : "A15",
              "reserved" : "false"
            },{
              "class":"economy",
              "seatCode" : "A16",
              "reserved" : "false"
            },{
              "class":"economy",
              "seatCode" : "A17",
              "reserved" : "false"
            },{
              "class":"economy",
              "seatCode" : "A18",
              "reserved" : "false"
            },{
              "class":"economy",
              "seatCode" : "A19",
              "reserved" : "false"
            },{
              "class":"economy",
              "seatCode" : "A20",
              "reserved" : "false"
            },{
              "class":"economy",
              "seatCode" : "A21",
              "reserved" : "false"
            },{
              "class":"economy",
              "seatCode" : "A22",
              "reserved" : "false"
            },
            {
              "class":"economy",
              "seatCode" : "A23",
              "reserved" : "false"
            },{
              "class":"economy",
              "seatCode" : "A24",
              "reserved" : "false"
            },{
              "class":"economy",
              "seatCode" : "A25",
              "reserved" : "false"
            },{
              "class":"economy",
              "seatCode" : "A26",
              "reserved" : "false"
            },{
              "class":"economy",
              "seatCode" : "A27",
              "reserved" : "false"
            },{
              "class":"economy",
              "seatCode" : "A28",
              "reserved" : "false"
            },{
              "class":"economy",
              "seatCode" : "A29",
              "reserved" : "false"
            },{
              "class":"economy",
              "seatCode" : "A30",
              "reserved" : "false"
            },{
              "class":"economy",
              "seatCode" : "A31",
              "reserved" : "false"
            },{
              "class":"economy",
              "seatCode" : "A32",
              "reserved" : "false"
            }
          ]
    ],
    "premiumEconomySeats" : [
      [
      {
        "class":"premiumEconomy",
        "seatCode" : "K6",
        "reserved" : "false"
      },{
        "class":"premiumEconomy",
        "seatCode" : "K7",
        "reserved" : "false"
      },{
        "class":"premiumEconomy",
        "seatCode" : "K8",
        "reserved" : "false"
      },{
        "class":"premiumEconomy",
        "seatCode" : "K9",
        "reserved" : "false"
      },{
        "class":"premiumEconomy",
        "seatCode" : "K10",
        "reserved" : "false"
      },
      {
        "class":"premiumEconomy",
        "seatCode" : "K11",
        "reserved" : "false"
      },{
        "class":"premiumEconomy",
        "seatCode" : "K12",
        "reserved" : "false"
      }],[{
        "class":"premiumEconomy",
        "seatCode" : "H6",
        "reserved" : "false"
      },{
        "class":"premiumEconomy",
        "seatCode" : "H7",
        "reserved" : "false"
      },{
        "class":"premiumEconomy",
        "seatCode" : "H8",
        "reserved" : "false"
      },{
        "class":"premiumEconomy",
        "seatCode" : "H9",
        "reserved" : "false"
      },{
        "class":"premiumEconomy",
        "seatCode" : "H10",
        "reserved" : "false"
      },
      {
        "class":"premiumEconomy",
        "seatCode" : "H11",
        "reserved" : "false"
      },{
        "class":"premiumEconomy",
        "seatCode" : "H12",
        "reserved" : "false"
      }],[{
        "class":"premiumEconomy",
        "seatCode" : "G6",
        "reserved" : "false"
      },{
        "class":"premiumEconomy",
        "seatCode" : "G7",
        "reserved" : "false"
      },{
        "class":"premiumEconomy",
        "seatCode" : "G8",
        "reserved" : "false"
      },{
        "class":"premiumEconomy",
        "seatCode" : "G9",
        "reserved" : "false"
      },{
        "class":"premiumEconomy",
        "seatCode" : "G10",
        "reserved" : "false"
      },{
        "class":"premiumEconomy",
        "seatCode" : "G11",
        "reserved" : "false"
      },{
        "class":"premiumEconomy",
        "seatCode" : "G12",
        "reserved" : "false"
      }],[{
        "class":"premiumEconomy",
        "seatCode" : "C6",
        "reserved" : "false"
      },{
        "class":"premiumEconomy",
        "seatCode" : "C7",
        "reserved" : "false"
      },{
        "class":"premiumEconomy",
        "seatCode" : "C8",
        "reserved" : "false"
      },{
        "class":"premiumEconomy",
        "seatCode" : "C9",
        "reserved" : "false"
      },{
        "class":"premiumEconomy",
        "seatCode" : "C10",
        "reserved" : "false"
      },{
        "class":"premiumEconomy",
        "seatCode" : "C11",
        "reserved" : "false"
      },{
        "class":"premiumEconomy",
        "seatCode" : "C12",
        "reserved" : "false"
      }
      ],[{
        "class":"premiumEconomy",
        "seatCode" : "A6",
        "reserved" : "false"
      },{
        "class":"premiumEconomy",
        "seatCode" : "A7",
        "reserved" : "false"
      },{
        "class":"premiumEconomy",
        "seatCode" : "A8",
        "reserved" : "false"
      },{
        "class":"premiumEconomy",
        "seatCode" : "A9",
        "reserved" : "false"
      },{
        "class":"premiumEconomy",
        "seatCode" : "A10",
        "reserved" : "false"
      },{
        "class":"premiumEconomy",
        "seatCode" : "A11",
        "reserved" : "false"
      },{
        "class":"premiumEconomy",
        "seatCode" : "A12",
        "reserved" : "false"
      }
    ]
    ],
    "businessSeats" : [
      [
      {
        "class":"business",
        "seatCode" : "K3",
        "reserved" : "false"
      },{
        "class":"business",
        "seatCode" : "K4",
        "reserved" : "false"
      },{
        "class":"business",
        "seatCode" : "K5",
        "reserved" : "false"
      }],[
      {
        "class":"business",
        "seatCode" : "H3",
        "reserved" : "false"
      },
      {
        "class":"business",
        "seatCode" : "H4",
        "reserved" : "false"
      },
      {
        "class":"business",
        "seatCode" : "H5",
        "reserved" : "false"
      }],[
      {
        "class":"business",
        "seatCode" : "C3",
        "reserved" : "false"
      },
      {
        "class":"business",
        "seatCode" : "C4",
        "reserved" : "false"
      },
      {
        "class":"business",
        "seatCode" : "C5",
        "reserved" : "false"
      }],[
      {
        "class":"business",
        "seatCode" : "A3",
        "reserved" : "false"
      },
      {
        "class":"business",
        "seatCode" : "A4",
        "reserved" : "false"
      },
      {
        "class":"business",
        "seatCode" : "A5",
        "reserved" : "false"
      }
    ]
    ],
    "firstClassSeats" : [
      [
      {
        "class":"firstClass",
        "seatCode" : "K1",
        "reserved" : "false"
      },
      {
        "class":"firstClass",
        "seatCode" : "K2",
        "reserved" : "false"
      }],[
      {
        "class":"firstClass",
        "seatCode" : "H1",
        "reserved" : "false"
      },
      {
        "class":"firstClass",
        "seatCode" : "H2",
        "reserved" : "false"
      }],[
      {
        "class":"firstClass",
        "seatCode" : "C2",
        "reserved" : "false"
      },
      {
        "class":"firstClass",
        "seatCode" : "C2",
        "reserved" : "false"
      }],[
      {
        "class":"firstClass",
        "seatCode" : "A1",
        "reserved" : "false"
      },
      {
        "class":"firstClass",
        "seatCode" : "A2",
        "reserved" : "false"
      }
    ]
  ]

}
]
