[
    {
      "company": "Turkish airline",
      "ip": "http://52.27.150.19/"
    },
    {
      "company": "Northwest airline",
      "ip": "http://52.36.169.206/"
    },
    {
      "company": "Malysia airline",
      "ip": "http://52.32.109.147/"
    },
    {
      "company": "Britsh airline",
      "ip": "http://52.36.195.124/"
    },
    {
      "company": "Britsh airline",
      "ip": "http://52.36.195.124/"
    },

    {
      "company": "swiss airline",
      "ip": "http://ec2-54-213-214-212.us-west-2.compute.amazonaws.com:3000/"
    },
    {
      "company": "Canada airline",
      "ip": "http://52.36.250.55/"
    },
    {
      "company": "Airberlin airline",
      "ip": "http://ec2-52-38-101-89.us-west-2.compute.amazonaws.com:8080/"
    },
    {
      "company": "Delta airline",
      "ip": "http://52.25.15.124/"
    },
    {
      "company": "Alaska airline",
      "ip": "http://52.207.211.179/"
    },
    {
      "company": "South african airline",
      "ip": "http://54.213.157.185/"
    },
    {
      "company": "Air france airline",
      "ip": "http://52.34.160.140/"
    },
    {
      "company": "Fly emirates",
      "ip": "http://52.90.46.68/"
    },
    {
      "company": "Oceanic airline",
      "ip": "http://52.38.78.176/"
    },
    {
      "company": "Iberia airline",
      "ip": "http://mynksh.com/"
    },
    {
      "company": "lufthansa airline",
      "ip": "http://ec2-54-152-123-100.compute-1.amazonaws.com/"
    },
    {
      "company": "Japan airline",
      "ip": "http://54.187.208.145/"
    },
    {
      "company": "Hawaiian airline",
      "ip": "http://54.93.36.94/"
    },
    {
      "company": "Cathay pacific airline",
      "ip": "http://ec2-52-91-94-227.compute-1.amazonaws.com/"
    },
    {
      "company": "swiss-air airline",
      "ip": "http://www.swiss-air.me/"
    },
    {
      "company": "singapre airline",
      "ip": "http://sebitsplease.com.s3-website-us-east-1.amazonaws.com/"
    },
    {
      "company": "DragonAir airline",
      "ip": "http://52.58.46.74/"
    },
    {
      "company": "Austrain airline",
      "ip": "http://ec2-52-90-41-197.compute-1.amazonaws.com/"
    },
    {
      "company": "Madagascar airline",
      "ip": "http://54.191.202.17/"
    },
    {
      "company": "KLM airline",
      "ip": "http://ec2-52-26-166-80.us-west-2.compute.amazonaws.com/"
    },
    {
      "company": "NewZeland airline",
      "ip": "http://52.28.246.230/"
    },
    {
      "company": "United airline",
      "ip": "http://54.187.103.196:3000/"
    }

]
